TIME_StartTime,BATT_VFilt,BATT_CFilt,BATT_Discharged,BATT_Remaining,BATT_RemainingV,BATT_Warning
180884775,49.54200744628906,3.4302074909210205,31.231319427490234,0.9980480670928955,0.9945436120033264,0
180932225,49.53520965576172,3.4595835208892822,31.26347541809082,0.9980460405349731,0.9939987659454346,0
181945216,48.84921646118164,8.311022758483887,34.22930145263672,0.9978606700897217,0.9509661197662354,0
182946695,45.817787170410156,31.807586669921875,47.644981384277344,0.9970222115516663,0.7743162512779236,0
183950778,44.3505859375,42.0701789855957,61.507545471191406,0.9961557984352112,0.6860164999961853,0
184953526,43.600852966308594,46.94465637207031,75.61907196044922,0.9952738285064697,0.6423097252845764,0
185973573,43.22107696533203,48.97842788696289,90.00957489013672,0.9943743944168091,0.6209380626678467,0
186985433,43.059356689453125,49.5958137512207,104.07614135742188,0.9934952259063721,0.6138779520988464,0
187987478,42.95391082763672,49.726806640625,117.9274673461914,0.9926295280456543,0.609278678894043,0
189003460,42.90953826904297,49.557674407958984,131.789306640625,0.991763174533844,0.6089975833892822,0
190022593,42.786598205566406,50.164512634277344,146.1573486328125,0.990865170955658,0.604816734790802,0
191044643,42.68272399902344,50.638370513916016,160.65855407714844,0.9899588227272034,0.6015304923057556,0
192044816,42.640132904052734,50.55681610107422,174.68507385253906,0.9890821576118469,0.6008589267730713,0
193059448,42.583160400390625,50.692256927490234,188.9352569580078,0.988191545009613,0.5997058153152466,0
194062166,42.569583892822266,50.49784469604492,203.0953826904297,0.987306535243988,0.6008437275886536,0
195065094,42.56768798828125,50.323883056640625,217.02920532226562,0.9864356517791748,0.6030150651931763,0
196068929,42.5711784362793,50.07456970214844,230.8767852783203,0.9855701923370361,0.6049576997756958,0
197080732,42.537105560302734,50.16741180419922,244.97328186035156,0.9846891760826111,0.6047719120979309,0
198098712,42.47207260131836,50.67543029785156,259.4837341308594,0.9837822914123535,0.6037795543670654,0
199109501,42.35283279418945,51.2598876953125,273.96295166015625,0.9828773140907288,0.5970767140388489,0
200129362,42.329795837402344,51.40287780761719,288.5970153808594,0.9819626808166504,0.5980170369148254,0
201139370,42.2735481262207,51.70900344848633,303.1938171386719,0.9810503721237183,0.5961729884147644,0
202151097,42.21200180053711,52.00993728637695,317.876220703125,0.9801327586174011,0.5935694575309753,0
203171038,42.24521255493164,51.69524002075195,332.35369873046875,0.9792279005050659,0.597209632396698,0
204178042,42.53987503051758,48.577239990234375,345.6886291503906,0.9783944487571716,0.6109082102775574,0
205197883,42.43134307861328,49.7260627746582,359.78448486328125,0.9775134921073914,0.6076117753982544,0
206216177,42.063899993896484,53.41388702392578,375.3960266113281,0.9765377640724182,0.5929068326950073,0
207226218,41.116424560546875,63.438636779785156,394.7745666503906,0.9753265976905823,0.5569607615470886,0
208238183,39.75686264038086,78.13381958007812,419.8114318847656,0.973761796951294,0.5087778568267822,0
209248835,39.200042724609375,83.55406188964844,444.44976806640625,0.9722219109535217,0.48925209045410156,0
210256185,39.328739166259766,82.00909423828125,467.24530029296875,0.9707971811294556,0.49924618005752563,0
211267583,39.6658935546875,78.48290252685547,488.6866760253906,0.9694570899009705,0.5182621479034424,0
212269989,40.09782028198242,73.97740173339844,508.278564453125,0.9682325720787048,0.5400183796882629,0
213284253,40.36359786987305,71.55416870117188,528.1425170898438,0.9669910669326782,0.556385338306427,0
214288011,42.59153747558594,48.36431121826172,538.4193725585938,0.9663487672805786,0.6505805253982544,0
215291378,43.63196563720703,38.24886703491211,546.1436767578125,0.9658660292625427,0.6955153942108154,0
216302307,43.468894958496094,41.13473129272461,558.597412109375,0.9650876522064209,0.6938266754150391,0
216302307,43.468894958496094,41.13473129272461,558.597412109375,0.9650876522064209,0.6938266754150391,0
217305629,43.970584869384766,36.19312286376953,567.535888671875,0.9645290374755859,0.7134451270103455,0
218324602,44.373779296875,32.41025161743164,575.9102172851562,0.9640055894851685,0.7295001149177551,0
219332575,44.539398193359375,31.52581024169922,584.5286254882812,0.9634669423103333,0.7383092045783997,0
220346624,44.62369155883789,31.18882179260254,593.2510375976562,0.9629217982292175,0.7419846057891846,0
221357216,45.141578674316406,25.552274703979492,599.777099609375,0.9625139236450195,0.7584912776947021,0
222377930,45.89591598510742,17.698793411254883,602.9921875,0.9623129963874817,0.7850263118743896,0
223388318,46.20286178588867,15.217571258544922,606.8218383789062,0.9620736241340637,0.7974267601966858,0
224403036,46.590152740478516,11.6382417678833,609.3849487304688,0.9619134664535522,0.8112715482711792,0
225405489,46.834049224853516,9.819074630737305,611.7484130859375,0.961765706539154,0.82085120677948,0
225405489,46.834049224853516,9.819074630737305,611.7484130859375,0.961765706539154,0.82085120677948,0
226421076,46.993160247802734,8.708500862121582,613.970947265625,0.9616268277168274,0.8259308934211731,0
227436360,47.121925354003906,8.04019546508789,616.0940551757812,0.9614941477775574,0.8308485746383667,0
228454992,47.15460968017578,8.321294784545898,618.4783325195312,0.9613450765609741,0.8317161202430725,0
229462495,47.051055908203125,10.043134689331055,621.6304321289062,0.9611480832099915,0.8276808857917786,0
230465143,47.145931243896484,9.284099578857422,624.176513671875,0.9609889984130859,0.8296735286712646,0
231467114,47.378150939941406,7.026414394378662,625.6470336914062,0.9608970880508423,0.8368422389030457,0
232471868,47.43114471435547,6.819827079772949,627.497802734375,0.9607813954353333,0.8378145694732666,0
233482686,47.42045974731445,7.486161231994629,629.7122192382812,0.9606429934501648,0.8378636240959167,0
234498089,47.41799545288086,7.645732402801514,631.895751953125,0.9605064988136292,0.8357927799224854,0
235509384,47.401432037353516,8.352739334106445,634.3907470703125,0.9603505730628967,0.8361194133758545,0
236527528,47.40891647338867,8.317119598388672,636.762451171875,0.9602023363113403,0.8344060182571411,0
237535396,47.53328323364258,7.256679534912109,638.5831909179688,0.9600885510444641,0.8389821648597717,0
238548998,47.53862380981445,7.369664669036865,640.6771240234375,0.9599576592445374,0.8381780982017517,0
239549339,47.59531021118164,7.095822334289551,642.5821533203125,0.9598386287689209,0.8407118320465088,0
240555916,47.642520904541016,6.831116199493408,644.4530029296875,0.9597216844558716,0.8423843383789062,0
241567067,47.328125,10.897026062011719,647.7762451171875,0.9595139622688293,0.8328776955604553,0
242567334,46.71894454956055,17.59001350402832,654.41748046875,0.9590989351272583,0.8098598122596741,0
243587929,46.49873352050781,19.88581085205078,660.39794921875,0.9587251543998718,0.8011803030967712,0
244602382,46.32698059082031,21.539859771728516,666.913818359375,0.9583178758621216,0.7940420508384705,0
245611369,46.216217041015625,22.405731201171875,673.3123168945312,0.9579179883003235,0.7885115146636963,0
246625438,46.663909912109375,17.073692321777344,677.2264404296875,0.9576733708381653,0.8032775521278381,0
247637982,46.8712043762207,14.83285903930664,680.9198608398438,0.9574425220489502,0.8111423850059509,0
248644515,47.04625701904297,12.879602432250977,684.109130859375,0.9572432041168213,0.8170161843299866,0
249649474,47.1711311340332,11.718623161315918,687.1437377929688,0.957053542137146,0.82233726978302,0
250667415,47.3150634765625,10.28101921081543,689.7788696289062,0.9568887948989868,0.8277665376663208,0
251680613,47.3077278137207,10.570053100585938,692.7614135742188,0.9567024111747742,0.8278720378875732,0
252697207,47.288475036621094,10.968528747558594,695.97509765625,0.9565015435218811,0.8275887370109558,0
253708309,47.38206481933594,10.063104629516602,698.6170654296875,0.9563364386558533,0.8311252593994141,0
254709996,47.45024871826172,9.478596687316895,701.1444091796875,0.9561784863471985,0.8339347839355469,0
255730751,47.43978500366211,9.602584838867188,703.8784790039062,0.9560075998306274,0.8327209949493408,0
256749687,47.43050003051758,9.837631225585938,706.7305908203125,0.9558293223381042,0.8325011730194092,0
257764660,47.418907165527344,10.03299617767334,709.5853271484375,0.9556509256362915,0.8318612575531006,0
258778124,47.3699951171875,10.82101058959961,712.7753295898438,0.9554515480995178,0.8311695456504822,0
259794218,47.33734893798828,11.185090065002441,716.0452880859375,0.955247163772583,0.8296107053756714,0
260812978,47.40974044799805,10.41702651977539,718.890380859375,0.955069363117218,0.8321988582611084,0
261820640,47.56727981567383,8.77881908416748,720.9957275390625,0.954937756061554,0.8381838202476501,0
262823058,47.49421310424805,9.66762638092041,723.8666381835938,0.95475834608078,0.835425615310669,0
263841394,47.51250457763672,9.559701919555664,726.5563354492188,0.9545902013778687,0.8362614512443542,0
264852828,47.509796142578125,9.80500602722168,729.34228515625,0.9544160962104797,0.8371694087982178,0
265864812,47.522003173828125,9.779727935791016,732.0589599609375,0.9542463421821594,0.837977409362793,0
266867423,47.39066696166992,11.317054748535156,735.4675903320312,0.9540332555770874,0.8334215879440308,0
267882623,47.353919982910156,11.786848068237305,738.928955078125,0.9538169503211975,0.8324850797653198,0
268901160,47.27017593383789,12.726909637451172,742.697021484375,0.9535814523696899,0.8295838236808777,0
269901011,47.3082389831543,12.23038101196289,746.0523071289062,0.9533717036247253,0.8306639790534973,0
270907861,47.34392166137695,11.762024879455566,749.2392578125,0.9531725645065308,0.8315661549568176,0
271922676,47.2585334777832,12.715642929077148,752.9512329101562,0.9529405236244202,0.8285025358200073,0
272933350,47.16096496582031,13.763406753540039,757.0550537109375,0.9526840448379517,0.8249419331550598,0
273944031,47.1921501159668,13.350714683532715,760.723876953125,0.9524547457695007,0.8259531855583191,0
274951858,47.34531784057617,11.635074615478516,763.6724853515625,0.9522704482078552,0.8316221237182617,0
275970696,47.395870208740234,11.148158073425293,766.6715698242188,0.9520830512046814,0.8338226675987244,0
276978257,47.317020416259766,12.11654281616211,770.2378540039062,0.9518601298332214,0.8314673900604248,0
277996365,47.135101318359375,14.1957426071167,774.6243896484375,0.9515859484672546,0.825311005115509,0
279018152,46.99959182739258,15.759734153747559,779.5343017578125,0.9512791037559509,0.8213011622428894,0
280026938,47.23408889770508,12.955436706542969,782.6219482421875,0.9510861039161682,0.8290095925331116,0
281026729,47.27249526977539,12.496585845947266,785.9573364257812,0.9508776664733887,0.830229640007019,0
282033439,47.24031448364258,12.860811233520508,789.5970458984375,0.9506502151489258,0.829118013381958,0
283039457,47.221046447753906,13.207589149475098,793.4378662109375,0.9504101276397705,0.829426109790802,0
283039457,47.221046447753906,13.207589149475098,793.4378662109375,0.9504101276397705,0.829426109790802,0
284059109,47.26386260986328,12.694242477416992,796.9223022460938,0.9501923322677612,0.8308135271072388,0
285066090,47.3232536315918,11.95514965057373,800.1566772460938,0.9499902129173279,0.8324747085571289,0
286073618,47.38276290893555,11.342668533325195,803.225341796875,0.9497984051704407,0.8348343968391418,0
287075439,47.44580078125,10.675436973571777,806.076416015625,0.949620246887207,0.8371360301971436,0
288087330,47.44134521484375,10.83970832824707,809.1436157226562,0.9494284987449646,0.837437629699707,0
289101972,47.49086380004883,10.2759428024292,811.9798583984375,0.9492512345314026,0.8388862609863281,0
290105160,47.60591506958008,9.13330364227295,814.2669677734375,0.9491083025932312,0.843603253364563,0
291108527,47.6122932434082,9.024694442749023,816.7493896484375,0.9489531517028809,0.8430826663970947,0
292130358,47.563480377197266,9.555323600769043,819.538330078125,0.9487788677215576,0.8407447338104248,0
293150151,47.53900146484375,9.864921569824219,822.4336547851562,0.9485979080200195,0.839786946773529,0
294152986,47.487449645996094,10.586137771606445,825.495849609375,0.9484065175056458,0.8386566638946533,0
295159987,47.47764587402344,10.745911598205566,828.5849609375,0.9482134580612183,0.8385515213012695,0
296170711,47.48070526123047,10.698854446411133,831.5689697265625,0.9480269551277161,0.8384791612625122,0
297190337,47.46390914916992,10.925246238708496,834.7201538085938,0.9478299617767334,0.8380587100982666,0
298209412,47.52869415283203,10.293864250183105,837.4957275390625,0.947656512260437,0.8409515023231506,0
299213137,47.562923431396484,9.853757858276367,840.195556640625,0.9474877715110779,0.8416438698768616,0
300234766,47.626129150390625,9.281803131103516,842.725341796875,0.9473296403884888,0.8445881605148315,0
301254661,47.70128631591797,8.482751846313477,844.99609375,0.9471877217292786,0.8472725749015808,0
302257565,47.752174377441406,7.895473003387451,847.0755004882812,0.9470577836036682,0.8485335111618042,0
303276817,47.74433517456055,8.205217361450195,849.4298095703125,0.9469106197357178,0.8492764234542847,0
304283084,47.69147491455078,8.7380952835083,851.9939575195312,0.9467504024505615,0.8466271162033081,0
305291159,47.59852600097656,9.904635429382324,854.9691772460938,0.9465644359588623,0.8439024686813354,0
306292390,47.58033752441406,10.047317504882812,857.7927856445312,0.9463879466056824,0.8428136110305786,0
307304314,47.55207824707031,10.2788724899292,860.7421875,0.9462035894393921,0.8412392735481262,0
308307901,47.57212829589844,10.15727710723877,863.5418090820312,0.9460286498069763,0.8426780700683594,0
309322738,47.555171966552734,10.602045059204102,866.6556396484375,0.9458340406417847,0.8438162207603455,0
310342023,47.540679931640625,10.725719451904297,869.6946411132812,0.9456440806388855,0.8431231379508972,0
311345506,47.45322799682617,11.477670669555664,873.0402221679688,0.9454349875450134,0.8385694026947021,0
312358967,47.41413879394531,11.966331481933594,876.5296630859375,0.9452168941497803,0.8377700448036194,0
313365900,47.407814025878906,11.96011734008789,879.9136352539062,0.9450054168701172,0.8373241424560547,0
314366835,47.44564437866211,11.363232612609863,882.9341430664062,0.9448165893554688,0.8377366662025452,0
315384683,47.4274787902832,11.593128204345703,886.2334594726562,0.9446104168891907,0.837406575679779,0
316396305,47.5120964050293,10.587417602539062,888.9942626953125,0.9444378614425659,0.8401626944541931,0
317415588,47.603267669677734,9.514079093933105,891.48583984375,0.9442821145057678,0.8430125117301941,0
318417784,47.43513488769531,11.463333129882812,895.2048950195312,0.9440497159957886,0.8374046683311462,0
319425617,46.87721252441406,18.29112434387207,901.6769409179688,0.943645179271698,0.8217132091522217,0
320428462,46.75133514404297,19.639299392700195,907.3887939453125,0.9432882070541382,0.8181212544441223,0
321447408,46.49481964111328,22.38468360900879,914.362548828125,0.9428523182868958,0.8096775412559509,0
322458598,46.45258712768555,22.42995834350586,920.591064453125,0.9424630403518677,0.8070208430290222,0
323460780,46.29367446899414,23.96889305114746,927.5947265625,0.9420253038406372,0.8014243245124817,0
324463542,46.19044876098633,24.776634216308594,934.6598510742188,0.9415837526321411,0.7971582412719727,0
325472300,46.16587448120117,24.80364418029785,941.6908569335938,0.9411443471908569,0.7964234948158264,0
326477948,46.18679428100586,24.266366958618164,948.383544921875,0.9407260417938232,0.7967747449874878,0
327483214,46.226863861083984,23.564085006713867,954.7783813476562,0.9403263330459595,0.7978308796882629,0
328484592,46.1746940612793,23.87899398803711,961.4911499023438,0.9399067759513855,0.795342206954956,0
329487412,46.237789154052734,23.105070114135742,967.7493896484375,0.9395156502723694,0.7982434034347534,0
330491026,46.09797286987305,24.716907501220703,974.9578857421875,0.939065158367157,0.7945281267166138,0
331505587,46.314640045166016,21.626140594482422,980.5514526367188,0.9387155175209045,0.7988624572753906,0
332527923,46.58219528198242,18.35298728942871,985.1168212890625,0.9384301900863647,0.8069490790367126,0
333543609,46.68608474731445,17.2041072845459,989.6732788085938,0.9381453990936279,0.8105841875076294,0
334546349,46.62813949584961,18.064035415649414,994.7579956054688,0.9378276467323303,0.8096053004264832,0
335553894,46.647132873535156,17.688596725463867,999.7855834960938,0.9375134110450745,0.8091439008712769,0
336564013,46.709381103515625,17.17576789855957,1004.3720092773438,0.9372267723083496,0.8123248219490051,0
337567858,46.65468215942383,17.867782592773438,1009.5160522460938,0.9369052648544312,0.8107160925865173,0
338570625,46.70502853393555,17.17790412902832,1014.2327270507812,0.9366104602813721,0.8115525841712952,0
339585485,46.74567794799805,16.75042152404785,1018.818115234375,0.936323881149292,0.8129344582557678,0
340589200,46.75667953491211,16.517478942871094,1023.3968505859375,0.9360377192497253,0.812336266040802,0
341607151,46.7037239074707,17.17940330505371,1028.34521484375,0.9357284307479858,0.8105906248092651,0
342610635,46.81560134887695,15.896864891052246,1032.5303955078125,0.9354668259620667,0.8142168521881104,0
343613811,46.797969818115234,15.967549324035645,1037.0047607421875,0.9351872205734253,0.8123569488525391,0
343613811,46.797969818115234,15.967549324035645,1037.0047607421875,0.9351872205734253,0.8123569488525391,0
344616716,46.94377899169922,14.293590545654297,1040.6988525390625,0.9349563121795654,0.816961944103241,0
345636247,47.182403564453125,11.543570518493652,1043.4093017578125,0.9347869157791138,0.8242649435997009,0
346655191,47.19259262084961,11.662252426147461,1046.6680908203125,0.9345832467079163,0.8251665830612183,0
347665882,47.16629409790039,12.151346206665039,1050.2205810546875,0.9343612194061279,0.8246767520904541,0
348675809,47.02162170410156,13.881394386291504,1054.4072265625,0.934099555015564,0.8195164799690247,0
349688412,46.762306213378906,17.190048217773438,1059.921142578125,0.9337549209594727,0.812707781791687,0
350699500,46.6542854309082,18.417356491088867,1065.311279296875,0.9334180355072021,0.8091944456100464,0
351702215,46.64851379394531,18.110271453857422,1070.465576171875,0.9330959320068359,0.8069617748260498,0
352720295,46.864933013916016,15.35765266418457,1074.1357421875,0.9328665137290955,0.8126444220542908,0
353724733,46.75597381591797,16.674421310424805,1079.1884765625,0.9325507283210754,0.8093294501304626,0
354734657,46.84971618652344,15.53916072845459,1083.190185546875,0.9323006272315979,0.81203293800354,0
355735297,46.76970672607422,16.50869369506836,1088.0191650390625,0.9319987893104553,0.8095948696136475,0
356750010,46.772010803222656,16.580585479736328,1092.70556640625,0.931705892086029,0.8103833794593811,0
357761770,46.72501754760742,17.244686126708984,1097.603271484375,0.9313998222351074,0.8096495866775513,0
358769875,46.53434753417969,19.621328353881836,1103.5712890625,0.931026816368103,0.8046872615814209,0
359786252,46.31965255737305,21.96337890625,1110.3411865234375,0.9306036829948425,0.7973111271858215,0
359786252,46.31965255737305,21.96337890625,1110.3411865234375,0.9306036829948425,0.7973111271858215,0
360801114,46.499420166015625,19.441099166870117,1115.3614501953125,0.9302899241447449,0.8011338710784912,0
361808375,46.5313606262207,18.87026596069336,1120.4918212890625,0.9299692511558533,0.8012222647666931,0
362827863,46.67911911010742,17.013504028320312,1125.0592041015625,0.9296838045120239,0.8054150342941284,0
363834885,46.7073974609375,16.693946838378906,1129.598876953125,0.9294000864028931,0.8062663674354553,0
364849899,46.77518844604492,15.842610359191895,1133.91796875,0.9291301369667053,0.8079456686973572,0
365864007,46.631858825683594,17.67040252685547,1139.2947998046875,0.9287940859794617,0.8041537404060364,0
366876669,46.588008880615234,18.331104278564453,1144.5625,0.9284648299217224,0.8038133978843689,0
367898789,46.51322937011719,19.02041244506836,1150.10205078125,0.9281186461448669,0.8003485798835754,0
368909407,46.49634552001953,19.2636661529541,1155.5797119140625,0.9277762770652771,0.8004120588302612,0
369918015,46.39165115356445,20.29867935180664,1161.4754638671875,0.9274078011512756,0.7960743308067322,0
370935562,46.51084899902344,18.69019317626953,1166.469970703125,0.9270956516265869,0.7988996505737305,0
371943813,46.51239776611328,18.687870025634766,1171.6116943359375,0.926774263381958,0.7991706132888794,0
372953933,46.31228256225586,21.304922103881836,1177.759521484375,0.9263900518417358,0.7945420145988464,0
373965875,46.101043701171875,23.66410255432129,1184.89208984375,0.9259442687034607,0.7876255512237549,0
374973588,45.787330627441406,27.408605575561523,1193.32666015625,0.9254170656204224,0.7790301442146301,0
375986723,45.743934631347656,27.471240997314453,1201.184814453125,0.9249259233474731,0.7762260437011719,0
375986723,45.743934631347656,27.471240997314453,1201.184814453125,0.9249259233474731,0.7762260437011719,0
377005817,45.744239807128906,27.27435302734375,1208.7647705078125,0.9244521856307983,0.7762577533721924,0
378028405,46.01655960083008,23.418312072753906,1215.0447998046875,0.9240596890449524,0.7819463014602661,0
379036726,46.336021423339844,19.432777404785156,1219.5484619140625,0.923778235912323,0.7908551692962646,0
380058334,46.55973434448242,16.844741821289062,1223.885009765625,0.9235072135925293,0.7979986667633057,0
381074916,46.68038558959961,15.437165260314941,1227.94091796875,0.9232537150382996,0.8012165427207947,0
382090530,46.89064407348633,13.032642364501953,1231.15966796875,0.9230525493621826,0.8074836730957031,0
383096979,46.972103118896484,12.249086380004883,1234.372314453125,0.9228517413139343,0.8099896311759949,0
384104668,46.974239349365234,12.396472930908203,1237.8922119140625,0.9226317405700684,0.8099945783615112,0
385119593,46.94160079956055,12.826898574829102,1241.60400390625,0.9223997592926025,0.8081839084625244,0
386127437,47.00111389160156,12.40709400177002,1245.029052734375,0.9221856594085693,0.811024010181427,0
387153943,47.06675338745117,11.759660720825195,1248.148193359375,0.9219907522201538,0.812921404838562,0
388157092,46.97227096557617,12.978228569030762,1252.0096435546875,0.9217494130134583,0.8097097873687744,0
389177127,47.0545768737793,12.077776908874512,1255.3555908203125,0.9215402603149414,0.8121263980865479,0
390178696,47.32242202758789,8.888659477233887,1257.2037353515625,0.9214247465133667,0.8195550441741943,0
391185418,47.46258544921875,7.585689544677734,1259.0384521484375,0.9213100671768188,0.8250172734260559,0
392189338,47.312408447265625,9.612552642822266,1262.057373046875,0.9211214184761047,0.820621907711029,0
392189338,47.312408447265625,9.612552642822266,1262.057373046875,0.9211214184761047,0.820621907711029,0
393207999,47.30303192138672,9.907234191894531,1265.0316162109375,0.9209355115890503,0.8206923604011536,0
394227713,47.21400451660156,11.110568046569824,1268.3497314453125,0.9207281470298767,0.8180699944496155,0
395246754,47.08774948120117,12.65112018585205,1272.2281494140625,0.9204857349395752,0.8139359951019287,0
396249722,46.97765350341797,13.965046882629395,1276.466064453125,0.9202208518981934,0.8103945851325989,0
397257077,47.135093688964844,11.998565673828125,1279.46533203125,0.9200333952903748,0.8146153688430786,0
398275480,47.198326110839844,11.35495662689209,1282.5186767578125,0.9198426008224487,0.8169573545455933,0
399291042,47.39885711669922,8.803468704223633,1284.5146484375,0.9197178483009338,0.8215914964675903,0
400309919,47.452392578125,8.46513843536377,1286.7208251953125,0.9195799231529236,0.8243405818939209,0
401313127,47.5435676574707,7.377772808074951,1288.6424560546875,0.9194598197937012,0.826384961605072,0
402315513,47.58079528808594,7.078700542449951,1290.5491943359375,0.9193406701087952,0.8275567293167114,0
403334437,47.723426818847656,5.496641635894775,1291.774658203125,0.9192640781402588,0.8317993879318237,0
404354186,47.7115364074707,5.893030643463135,1293.4979248046875,0.9191563725471497,0.8320257663726807,0
405356998,47.800270080566406,4.916930675506592,1294.6768798828125,0.9190827012062073,0.834359884262085,0
406360498,47.808406829833984,5.028894901275635,1296.0877685546875,0.9189945459365845,0.8349705934524536,0
407375913,47.8176383972168,5.211706161499023,1297.556396484375,0.9189027547836304,0.8362801671028137,0
408387408,47.791011810302734,5.6947784423828125,1299.257080078125,0.9187964200973511,0.8357681632041931,0
409406545,47.72874069213867,6.698489189147949,1301.3255615234375,0.9186671376228333,0.8349342346191406,0
410421356,47.61240005493164,8.279399871826172,1303.92236328125,0.9185048341751099,0.832225501537323,0
411431073,47.44176483154297,10.313600540161133,1307.2283935546875,0.9182982444763184,0.8268908262252808,0
412441787,47.35181427001953,11.280747413635254,1310.5970458984375,0.9180876612663269,0.8236642479896545,0
413445781,47.24706268310547,12.446374893188477,1314.218505859375,0.9178613424301147,0.82023024559021,0
414460829,47.167179107666016,13.171231269836426,1318.164794921875,0.9176146984100342,0.8168455958366394,0
415472358,47.31795883178711,11.218461990356445,1320.9403076171875,0.9174412488937378,0.8210214972496033,0
416491186,47.33185958862305,11.064419746398926,1324.00927734375,0.9172494411468506,0.8217537999153137,0
417507066,47.282745361328125,11.884888648986816,1327.4954833984375,0.9170315265655518,0.8220040798187256,0
418525424,47.331417083740234,11.082159996032715,1330.4853515625,0.9168446660041809,0.8223235607147217,0
419535596,47.32703399658203,11.403076171875,1333.671142578125,0.9166455268859863,0.8241091966629028,0
420546373,47.00403594970703,15.55206298828125,1338.6329345703125,0.9163354635238647,0.8163306713104248,0
421551059,46.74725341796875,18.303829193115234,1344.4071044921875,0.9159745573997498,0.8073699474334717,0
422558000,46.39925003051758,22.43452262878418,1351.414794921875,0.9155365824699402,0.7978894710540771,0
422558000,46.39925003051758,22.43452262878418,1351.414794921875,0.9155365824699402,0.7978894710540771,0
423577502,46.049171447753906,26.437833786010742,1359.690185546875,0.9150193929672241,0.7879816889762878,0
424583483,45.757530212402344,29.66558265686035,1368.7108154296875,0.9144555926322937,0.7798731923103333,0
425591075,45.620574951171875,30.794885635375977,1377.5052490234375,0.913905918598175,0.7750669121742249,0
426606133,45.638580322265625,29.852853775024414,1385.82861328125,0.9133856892585754,0.7735074162483215,0
427613040,45.56089782714844,30.386566162109375,1394.3427734375,0.9128535985946655,0.7708209156990051,0
428615613,45.48857116699219,30.965591430664062,1403.1727294921875,0.9123017191886902,0.7689911723136902,0
429627414,45.55038833618164,30.0334529876709,1411.4073486328125,0.9117870330810547,0.7717392444610596,0
430638407,45.60486602783203,29.09626579284668,1419.3626708984375,0.9112898111343384,0.7732925415039062,0
431644692,45.61556625366211,28.6323184967041,1427.2509765625,0.9107968211174011,0.7728974223136902,0
432656612,45.633846282958984,28.10117530822754,1435.0523681640625,0.9103091955184937,0.772689938545227,0
433659922,45.58070373535156,28.474252700805664,1443.062744140625,0.9098085761070251,0.7704174518585205,0
434669501,45.44989776611328,29.94637680053711,1451.831298828125,0.9092605113983154,0.766998827457428,0
435689753,45.49211883544922,29.067686080932617,1459.8826904296875,0.9087573289871216,0.7670634388923645,0
436704760,45.54312515258789,28.166458129882812,1467.71728515625,0.9082676768302917,0.7676718831062317,0
437716231,45.61756896972656,27.17925262451172,1475.161865234375,0.907802402973175,0.7700545191764832,0
438738760,45.601837158203125,27.39059829711914,1482.9381103515625,0.9073163866996765,0.7702605724334717,0
438738760,45.601837158203125,27.39059829711914,1482.9381103515625,0.9073163866996765,0.7702605724334717,0
439758923,45.70756149291992,25.853961944580078,1489.992919921875,0.9068754315376282,0.7722227573394775,0
440786785,45.66148376464844,26.31339454650879,1497.4810791015625,0.9064074158668518,0.7703378200531006,0
441801484,45.63877487182617,26.375743865966797,1504.9326171875,0.9059417247772217,0.7685582041740417,0
442812485,45.67083740234375,25.807510375976562,1512.1092529296875,0.9054931402206421,0.7685879468917847,0
443818645,45.676700592041016,25.92125701904297,1519.359619140625,0.9050400257110596,0.7701346278190613,0
444836789,45.619354248046875,26.56281852722168,1526.9208984375,0.9045674204826355,0.7682577967643738,0
445841753,45.52988815307617,27.483835220336914,1534.8087158203125,0.9040744304656982,0.76481032371521,0
445841753,45.52988815307617,27.483835220336914,1534.8087158203125,0.9040744304656982,0.76481032371521,0
446856347,45.5281982421875,27.359554290771484,1542.474853515625,0.9035953283309937,0.7641918659210205,0
447859190,45.503177642822266,27.59450912475586,1550.1845703125,0.9031134843826294,0.7633483409881592,0
448862111,45.499568939208984,27.560537338256836,1557.9442138671875,0.902628481388092,0.7630996704101562,0
449876754,45.63770294189453,25.65958595275879,1564.832763671875,0.9021979570388794,0.7659569978713989,0
450877594,45.680503845214844,24.967533111572266,1571.58740234375,0.9017757773399353,0.7659830451011658,0
451904314,45.73341751098633,24.251619338989258,1578.3424072265625,0.9013535976409912,0.7668784260749817,0
452906787,45.66361618041992,25.2568416595459,1585.5712890625,0.9009017944335938,0.7656252384185791,0
453909910,45.558650970458984,26.453474044799805,1593.173095703125,0.9004266858100891,0.7620130181312561,0
454928753,45.60157775878906,25.615753173828125,1600.3272705078125,0.8999795317649841,0.7612932920455933,0
455943487,45.635738372802734,25.249338150024414,1607.2821044921875,0.8995448350906372,0.7625629901885986,0
456952211,45.65751266479492,25.082229614257812,1614.3353271484375,0.8991040587425232,0.7638118267059326,0
457958991,45.51292419433594,27.00063705444336,1622.1549072265625,0.898615300655365,0.7605908513069153,0
458977816,45.38941955566406,28.353788375854492,1630.5439453125,0.8980910181999207,0.7563114166259766,0
459987516,45.44824981689453,27.52875328063965,1638.20556640625,0.8976121544837952,0.757782518863678,0
461000325,45.38893508911133,28.15227699279785,1646.0947265625,0.8971191048622131,0.7555928826332092,0
462011479,45.22327423095703,30.045181274414062,1654.94189453125,0.8965661525726318,0.7503728866577148,0
463031055,45.1886100769043,30.220441818237305,1663.6295166015625,0.896023154258728,0.7484137415885925,0
464049097,45.26298904418945,28.966943740844727,1671.5294189453125,0.8955293893814087,0.7488452196121216,0
465068772,45.39677047729492,27.129751205444336,1678.8602294921875,0.895071268081665,0.7516407370567322,0
466086733,45.42318344116211,26.642841339111328,1686.370361328125,0.8946018218994141,0.7513260245323181,0
467098344,45.43994903564453,26.664634704589844,1693.8262939453125,0.8941358327865601,0.7532467246055603,0
468117180,45.5050163269043,25.650310516357422,1700.8140869140625,0.8936991095542908,0.7535527348518372,0
469136410,45.82623291015625,21.39634132385254,1706.19970703125,0.8933625221252441,0.7603350877761841,0
470143947,46.072139739990234,18.271800994873047,1710.5389404296875,0.8930913209915161,0.7654774785041809,0
471159761,45.95984649658203,20.12472915649414,1716.4822998046875,0.8927198648452759,0.7640894651412964,0
472162371,45.68421173095703,23.90412139892578,1723.846435546875,0.8922595977783203,0.7580529451370239,0
473166216,45.5922966003418,24.771469116210938,1731.1312255859375,0.8918042778968811,0.7535713911056519,0
474187922,45.661006927490234,23.797182083129883,1737.6688232421875,0.8913956880569458,0.7545209527015686,0
475194799,45.6298828125,24.248945236206055,1744.5318603515625,0.8909667730331421,0.7539164423942566,0
476199446,45.73041915893555,22.824697494506836,1750.5426025390625,0.8905910849571228,0.7552445530891418,0
477209812,45.57590866088867,25.082168579101562,1758.13134765625,0.890116810798645,0.7530386447906494,0
478216590,45.55974197387695,25.10035514831543,1765.1148681640625,0.8896803259849548,0.7514200210571289,0
479240400,45.745121002197266,22.638216018676758,1771.0546875,0.8893090486526489,0.7554028034210205,0
480251166,45.68830490112305,23.674318313598633,1777.7874755859375,0.8888882994651794,0.7556368708610535,0
481266305,45.544578552246094,25.5448055267334,1785.474609375,0.888407826423645,0.7521889805793762,0
482270322,45.62338638305664,24.2562313079834,1791.9349365234375,0.8880040645599365,0.7523877620697021,0
483289067,45.83125686645508,21.272216796875,1797.640625,0.8876474499702454,0.7553924918174744,0
484293214,46.17275619506836,16.844953536987305,1801.250244140625,0.8874218463897705,0.7627070546150208,0
485307858,46.159523010253906,17.419347763061523,1806.2606201171875,0.8871086835861206,0.7638342380523682,0
486318540,46.0800666809082,18.57430648803711,1811.63623046875,0.8867727518081665,0.7616827487945557,0
487337431,45.967811584472656,20.202194213867188,1817.7381591796875,0.8863913416862488,0.7594380974769592,0
488355426,45.83643341064453,21.87685775756836,1824.2532958984375,0.8859841823577881,0.7556875944137573,0
489367325,45.574161529541016,25.625219345092773,1832.1981201171875,0.8854876160621643,0.7517620921134949,0
490377874,45.47885513305664,26.68588638305664,1839.9171142578125,0.8850051760673523,0.7488791346549988,0
491381565,45.34989547729492,28.065399169921875,1847.958740234375,0.8845025897026062,0.7445164918899536,0
492389575,45.30348205566406,28.478164672851562,1856.0675048828125,0.883995771408081,0.7430164813995361,0
493403510,45.322017669677734,27.974685668945312,1863.8734130859375,0.8835079073905945,0.7425474524497986,0
494424241,45.42521667480469,26.278268814086914,1871.041015625,0.8830599188804626,0.7432591319084167,0
495431019,45.50654602050781,25.000804901123047,1877.681640625,0.8826448917388916,0.7439688444137573,0
496434574,45.479286193847656,25.422876358032227,1884.9080810546875,0.8821932673454285,0.743892252445221,0
497445450,45.46385192871094,25.65114402770996,1892.1617431640625,0.8817399144172668,0.7438856959342957,0
498448945,45.484161376953125,25.26034164428711,1899.091796875,0.8813067674636841,0.7436836957931519,0
499459156,45.53972244262695,24.499265670776367,1905.6527099609375,0.8808966875076294,0.7447079420089722,0
500473830,45.61771011352539,23.416332244873047,1912.051025390625,0.8804967999458313,0.7460525035858154,0
501480711,45.638580322265625,23.104724884033203,1918.4306640625,0.8800981044769287,0.7460231781005859,0
502492610,45.85095977783203,20.07493782043457,1923.787841796875,0.8797632455825806,0.7490911483764648,0
503495430,46.005855560302734,18.374507904052734,1928.3172607421875,0.8794801831245422,0.7539065480232239,0
504503104,46.0054931640625,18.439130783081055,1933.759521484375,0.8791400194168091,0.7534841895103455,0
505514233,46.18037033081055,16.249120712280273,1937.6929931640625,0.8788942098617554,0.7570769786834717,0
506529539,46.18964767456055,16.30702781677246,1942.4039306640625,0.8785997629165649,0.7573811411857605,0
507547516,46.266422271728516,15.435856819152832,1946.5814208984375,0.8783386945724487,0.7588878273963928,0
508555334,46.19258117675781,16.697654724121094,1951.510986328125,0.87803053855896,0.758056104183197,0
509559134,46.14064407348633,17.68157386779785,1956.61962890625,0.877711296081543,0.7581043243408203,0
510580280,46.1234245300293,18.056114196777344,1961.8370361328125,0.8773851990699768,0.7581197023391724,0
511599981,46.13433074951172,17.86449432373047,1966.8984375,0.8770688772201538,0.7575509548187256,0
512613101,46.08817672729492,18.447904586791992,1972.203125,0.8767372965812683,0.7558852434158325,0
513618700,46.130374908447266,17.756990432739258,1977.016845703125,0.8764364719390869,0.7555725574493408,0
514626325,46.38154220581055,14.211485862731934,1980.3883056640625,0.8762257099151611,0.7591177821159363,0
515636769,46.432613372802734,13.768394470214844,1984.0673828125,0.8759957551956177,0.7607153654098511,0
515636769,46.432613372802734,13.768394470214844,1984.0673828125,0.8759957551956177,0.7607153654098511,0
516643832,46.50956344604492,12.777399063110352,1987.5556640625,0.8757777810096741,0.7616175413131714,0
517648319,46.42859649658203,14.242809295654297,1991.6949462890625,0.8755190372467041,0.7613743543624878,0
518650354,46.31167984008789,15.958211898803711,1996.5242919921875,0.8752171993255615,0.7592710852622986,0
519670249,46.29269790649414,16.340070724487305,2001.2734375,0.8749204277992249,0.7593557834625244,0
520688954,45.843597412109375,22.888185501098633,2008.843994140625,0.874447226524353,0.7532935738563538,0
521711524,45.77715301513672,23.47096824645996,2015.7294921875,0.8740168809890747,0.7507761716842651,0
522715917,45.6909294128418,24.31947135925293,2022.5821533203125,0.8735886216163635,0.7477564215660095,0
523735528,45.68500518798828,23.66448211669922,2029.2860107421875,0.8731696605682373,0.7437021732330322,0
524739917,46.0035400390625,19.018327713012695,2033.75439453125,0.8728903532028198,0.7485080361366272,0
525745389,46.2692985534668,15.704404830932617,2037.432373046875,0.8726604580879211,0.7554747462272644,0
526751947,46.27825927734375,15.85261344909668,2041.7830810546875,0.8723885416984558,0.7567710876464844,0
527768327,46.06346130371094,19.06508445739746,2047.743408203125,0.8720160722732544,0.7539907097816467,0
528787033,45.88594055175781,21.480388641357422,2054.2802734375,0.8716074824333191,0.7506401538848877,0
529802632,45.82044219970703,22.14311408996582,2060.76953125,0.8712018728256226,0.7483279705047607,0
530803870,45.76625061035156,22.89089012145996,2067.1865234375,0.8708008527755737,0.7478106617927551,0
531811820,45.769317626953125,22.574363708496094,2073.500244140625,0.8704062700271606,0.7466363906860352,0
532815472,45.70650863647461,23.279062271118164,2080.029052734375,0.8699982166290283,0.7448710203170776,0
533830224,45.651649475097656,23.86797332763672,2086.80224609375,0.8695748448371887,0.7433071136474609,0
534829959,45.51417922973633,25.788537979125977,2094.46630859375,0.8690958619117737,0.7416841983795166,0
535852010,45.48698425292969,25.88287925720215,2101.83056640625,0.8686355948448181,0.7402627468109131,0
536870803,45.49722671508789,25.699356079101562,2109.057861328125,0.8681838512420654,0.7409980297088623,0
537886613,45.406829833984375,26.684160232543945,2116.74951171875,0.8677031397819519,0.7383691072463989,0
538905867,46.04277801513672,17.22524642944336,2120.068359375,0.8674957156181335,0.7461049556732178,0
539912616,46.44927978515625,12.036497116088867,2122.31884765625,0.8673551082611084,0.7552763819694519,0
540919359,46.7349967956543,8.436738967895508,2123.94921875,0.8672531843185425,0.761046826839447,0
541935802,46.874874114990234,7.102582931518555,2125.650390625,0.8671468496322632,0.7653617858886719,0
542941046,46.97395706176758,6.141237258911133,2127.178466796875,0.867051362991333,0.7677097320556641,0
543946617,46.99962615966797,6.337484359741211,2128.9697265625,0.8669394254684448,0.7696860432624817,0
544964366,47.057186126708984,6.0069355964660645,2130.616943359375,0.866836428642273,0.7718870639801025,0
545980246,47.086700439453125,5.949006080627441,2132.2763671875,0.8667327165603638,0.7728667855262756,0
546987842,46.673316955566406,12.59238052368164,2136.484619140625,0.8664697408676147,0.7697492241859436,0
547990946,46.18159484863281,19.10798454284668,2143.546875,0.8660283088684082,0.7590094804763794,0
548994318,45.887062072753906,23.063493728637695,2150.64697265625,0.8655845522880554,0.7536693215370178,0
550016659,45.814632415771484,23.505126953125,2157.457275390625,0.8651589155197144,0.7499855756759644,0
551020416,45.6207160949707,25.66013526916504,2165.02490234375,0.8646859526634216,0.7443046569824219,0
552023403,45.654754638671875,24.71158790588379,2171.86767578125,0.8642582893371582,0.7432944774627686,0
553034239,45.654563903808594,24.336973190307617,2178.603759765625,0.8638372421264648,0.7419963479042053,0
554045389,45.687896728515625,23.76066780090332,2185.180908203125,0.8634262084960938,0.7429203391075134,0
555048382,45.634883880615234,24.415546417236328,2192.03857421875,0.8629975914955139,0.7423369288444519,0
556067336,45.673614501953125,23.565555572509766,2198.652099609375,0.8625842332839966,0.7419145107269287,0
557087162,45.74650955200195,22.567174911499023,2204.784423828125,0.8622009754180908,0.7439886927604675,0
558089906,45.78847885131836,21.6890926361084,2210.68017578125,0.8618324995040894,0.7432013750076294,0
559108606,45.77666091918945,21.886207580566406,2216.808349609375,0.8614494800567627,0.7434948682785034,0
560112410,45.66566848754883,23.386253356933594,2223.65087890625,0.8610218167304993,0.7416149973869324,0
561131387,45.53468704223633,24.946613311767578,2231.025390625,0.8605608940124512,0.7382054924964905,0
562154128,45.562068939208984,24.343130111694336,2237.845458984375,0.8601346611976624,0.7379599809646606,0
563157851,45.5793342590332,23.783079147338867,2244.38818359375,0.8597257137298584,0.7366860508918762,0
564172279,45.56305694580078,24.08810043334961,2251.155029296875,0.859302818775177,0.7373640537261963,0
565176234,45.53612518310547,24.434890747070312,2258.117919921875,0.8588676452636719,0.7372666597366333,0
566178789,45.628509521484375,23.011293411254883,2264.207275390625,0.8584870100021362,0.7383429408073425,0
567197523,45.48938751220703,24.96316146850586,2271.569580078125,0.858026921749115,0.7362796068191528,0
568206738,45.3946647644043,26.13616943359375,2279.183349609375,0.8575510382652283,0.7342492341995239,0
569212804,45.281333923339844,27.635684967041016,2287.1806640625,0.8570511937141418,0.7324496507644653,0
570220728,45.09162902832031,30.13808250427246,2296.046630859375,0.856497049331665,0.7291767597198486,0
571225553,44.98680877685547,31.204803466796875,2305.076416015625,0.8559327125549316,0.7260314226150513,0
572226239,44.95011520385742,31.375946044921875,2313.87451171875,0.8553828597068787,0.7244669795036316,0
573246290,45.10490036010742,28.68348503112793,2321.472900390625,0.8549079298973083,0.7247086763381958,0
574249627,45.21897506713867,26.941713333129883,2328.619384765625,0.8544613122940063,0.7263025641441345,0
575260165,45.41584014892578,24.11031723022461,2334.795166015625,0.8540753126144409,0.7293436527252197,0
576275781,45.51824951171875,22.826419830322266,2340.959228515625,0.8536900281906128,0.7318710684776306,0
577283616,45.42947006225586,24.16141128540039,2348.0234375,0.8532485365867615,0.7306622266769409,0
578292310,45.36138916015625,24.934371948242188,2355.05078125,0.8528093099594116,0.7281203866004944,0
579312965,45.333457946777344,25.218181610107422,2362.267822265625,0.8523582816123962,0.726959228515625,0
580316007,45.262855529785156,26.220643997192383,2369.8291015625,0.8518856763839722,0.7260187864303589,0
581335862,45.394588470458984,24.001432418823242,2376.25390625,0.8514841198921204,0.7259100675582886,0
582347374,45.32188034057617,25.262615203857422,2383.466552734375,0.8510333299636841,0.7261083126068115,0
582347374,45.32188034057617,25.262615203857422,2383.466552734375,0.8510333299636841,0.7261083126068115,0
583357333,45.20622634887695,26.72502326965332,2391.31396484375,0.8505429029464722,0.7232508063316345,0
584376238,45.11997985839844,27.847332000732422,2399.373779296875,0.8500391244888306,0.7215763926506042,0
585378970,45.048744201660156,28.674001693725586,2407.571044921875,0.8495268225669861,0.719726026058197,0
586386911,45.141109466552734,27.117969512939453,2414.8828125,0.8490698337554932,0.7201027274131775,0
587391383,45.15908432006836,26.5379581451416,2422.206298828125,0.8486120700836182,0.7184327244758606,0
588393470,45.301212310791016,24.53065299987793,2428.614990234375,0.8482115268707275,0.720800518989563,0
589409901,45.25475311279297,25.24272918701172,2435.842041015625,0.8477598428726196,0.7201813459396362,0
590419517,45.236026763916016,25.480154037475586,2443.023193359375,0.8473110198974609,0.7196834087371826,0
591427563,45.34048843383789,23.83147621154785,2449.423583984375,0.8469110131263733,0.7201383113861084,0
592442175,45.26511764526367,25.217607498168945,2456.71240234375,0.846455454826355,0.7207881212234497,0
593445489,45.358009338378906,23.685312271118164,2463.162353515625,0.846052348613739,0.720770001411438,0
594460242,45.397544860839844,23.184192657470703,2469.50341796875,0.8456560373306274,0.7214241027832031,0
595475147,45.36957931518555,23.458980560302734,2476.178955078125,0.8452388048171997,0.7198325395584106,0
596482789,45.340450286865234,23.75014877319336,2482.94677734375,0.8448158502578735,0.7183030247688293,0
597493467,45.68391036987305,18.674833297729492,2487.3154296875,0.8445428013801575,0.7220074534416199,0
598513175,45.92912292480469,15.577770233154297,2491.00146484375,0.8443124294281006,0.7271327972412109,0
599528409,45.94908142089844,15.850515365600586,2495.47119140625,0.8440330624580383,0.7296574711799622,0
600547512,45.676700592041016,20.071353912353516,2501.80419921875,0.843637228012085,0.7264585494995117,0
601558246,45.53861618041992,21.78522491455078,2508.393310546875,0.8432254195213318,0.7222897410392761,0
602570007,45.3745002746582,24.074357986450195,2515.478759765625,0.8427825570106506,0.7192809581756592,0
603576826,45.280391693115234,25.243038177490234,2522.875732421875,0.8423202633857727,0.7170655131340027,0
604592718,45.438358306884766,22.75021743774414,2528.78369140625,0.8419510126113892,0.7181317806243896,0
605615063,45.30757141113281,24.78411293029785,2536.237060546875,0.8414852023124695,0.7173185348510742,0
606619125,45.297996520996094,24.505311965942383,2542.871826171875,0.8410705327987671,0.7146041393280029,0
607638728,45.334228515625,23.81931495666504,2549.6982421875,0.8406438827514648,0.7143542766571045,0
608645881,45.80197525024414,16.915239334106445,2553.21826171875,0.8404238224029541,0.7198193073272705,0
609661215,46.02672576904297,14.092452049255371,2556.486083984375,0.8402196168899536,0.7245174050331116,0
610680322,45.897422790527344,16.42717933654785,2561.47802734375,0.8399076461791992,0.7243474125862122,0
611707735,45.7669677734375,18.58197021484375,2567.217041015625,0.8395489454269409,0.7234718799591064,0
612713387,45.96308135986328,15.576066970825195,2571.286865234375,0.8392945528030396,0.7246508002281189,0
613723623,46.18673324584961,12.27704906463623,2573.908935546875,0.839130699634552,0.7260727286338806,0
614732143,46.430274963378906,8.869307518005371,2575.85107421875,0.8390092849731445,0.7286826372146606,0
614732143,46.430274963378906,8.869307518005371,2575.85107421875,0.8390092849731445,0.7286826372146606,0
615747832,46.68931579589844,5.532597064971924,2576.718017578125,0.8389551043510437,0.7329294681549072,0
616754678,46.851280212402344,3.7994256019592285,2577.42578125,0.8389108777046204,0.7368263602256775,0
617774134,46.98479080200195,2.4905765056610107,2577.882080078125,0.8388823866844177,0.7403095960617065,0
618793939,47.06614303588867,1.9166042804718018,2578.2744140625,0.8388578295707703,0.7299961447715759,0
619795035,47.0648307800293,2.541175603866577,2579.05908203125,0.8388087749481201,0.7442498803138733,0
620799806,47.014217376708984,3.846021890640259,2580.3798828125,0.838726282119751,0.7454071044921875,0
621813657,46.95591354370117,4.943199157714844,2582.01806640625,0.8386238813400269,0.7446960806846619,0
622835411,46.98836898803711,4.683175563812256,2583.283935546875,0.8385447263717651,0.7451671957969666,0
623848968,46.92865753173828,5.815559387207031,2585.11767578125,0.8384301662445068,0.7448900938034058,0
624864285,46.8722038269043,6.8552446365356445,2587.292724609375,0.8382942080497742,0.7446666359901428,0
625879092,46.39597702026367,14.295380592346191,2592.2626953125,0.8379836082458496,0.741007924079895,0
626886753,46.361568450927734,14.286404609680176,2596.539306640625,0.837716281414032,0.7379212975502014,0
627906673,46.23766326904297,16.084341049194336,2601.287353515625,0.8374195098876953,0.7367985248565674,0
628908303,46.239219665527344,15.706101417541504,2605.67578125,0.8371452689170837,0.7352834343910217,0
629916314,46.2486686706543,15.56014347076416,2609.90380859375,0.8368810415267944,0.7359998226165771,0
630936985,46.329437255859375,14.140414237976074,2613.900390625,0.8366312384605408,0.7361621856689453,0
630936985,46.329437255859375,14.140414237976074,2613.900390625,0.8366312384605408,0.7361621856689453,0
631939873,46.40205764770508,12.971419334411621,2617.141845703125,0.8364286422729492,0.7365587949752808,0
632946670,46.42097091674805,12.769599914550781,2620.736572265625,0.836203932762146,0.7374224066734314,0
633948993,46.35555648803711,13.674641609191895,2624.6630859375,0.8359585404396057,0.7362945079803467,0
634960264,46.22883987426758,15.804384231567383,2629.526611328125,0.835654616355896,0.7368258237838745,0
635964182,46.14678955078125,16.84925651550293,2634.4609375,0.8353462219238281,0.7353222966194153,0
636970698,46.02082061767578,18.384300231933594,2639.8515625,0.8350092768669128,0.7323728203773499,0
637977745,45.971107482910156,18.90557861328125,2645.275146484375,0.8346703052520752,0.7312815189361572,0
638987974,46.003536224365234,18.2607364654541,2650.314697265625,0.834355354309082,0.7314587831497192,0
639996258,46.01829528808594,18.041627883911133,2655.366943359375,0.834039568901062,0.7323634028434753,0
641000038,46.067115783691406,17.178028106689453,2659.913330078125,0.8337554335594177,0.7325436472892761,0
642018694,46.12920379638672,16.01327896118164,2664.345947265625,0.8334783911705017,0.7320735454559326,0
643033513,46.11045455932617,16.325069427490234,2668.807373046875,0.8331995606422424,0.7321742177009583,0
644037371,46.06244659423828,17.046749114990234,2673.84765625,0.8328845500946045,0.7320613861083984,0
645044227,46.05914306640625,17.01312255859375,2678.47412109375,0.8325953483581543,0.7317121028900146,0
646055060,46.1472053527832,15.577075004577637,2682.698486328125,0.8323313593864441,0.7321800589561462,0
647074895,46.17726516723633,15.308372497558594,2686.630615234375,0.8320856094360352,0.7334992289543152,0
648078300,45.97419357299805,18.19861602783203,2692.426025390625,0.8317233920097351,0.7305896282196045,0
649088320,45.91763687133789,18.79768180847168,2697.78173828125,0.8313886523246765,0.7288190126419067,0
650104388,45.96514129638672,18.043060302734375,2702.7060546875,0.8310808539390564,0.7295507788658142,0
651110969,45.88871765136719,18.88043975830078,2708.114990234375,0.8307428359985352,0.7270677089691162,0
652136388,45.77317810058594,20.406251907348633,2714.398681640625,0.8303501009941101,0.7251705527305603,0
653149766,46.305419921875,12.314483642578125,2716.05859375,0.8302463293075562,0.7301722764968872,0
654162013,46.28218078613281,12.884459495544434,2719.81005859375,0.8300118446350098,0.7307322025299072,0
655161840,46.523162841796875,9.416674613952637,2721.80419921875,0.8298872709274292,0.7335106730461121,0
656161215,46.66852569580078,7.563032627105713,2723.5205078125,0.8297799825668335,0.7360137104988098,0
657171015,46.798038482666016,5.942880630493164,2724.8583984375,0.8296963572502136,0.7381248474121094,0
658177386,46.884521484375,5.020381450653076,2726.073486328125,0.8296204209327698,0.7399692535400391,0
659194193,46.96566390991211,4.317490577697754,2727.156005859375,0.8295527696609497,0.7426825761795044,0
660209477,46.98208236694336,4.551156520843506,2728.438232421875,0.8294726014137268,0.7444820404052734,0
661220709,46.97575378417969,5.007707595825195,2729.934326171875,0.8293790817260742,0.7454846501350403,0
661220709,46.97575378417969,5.007707595825195,2729.934326171875,0.8293790817260742,0.7454846501350403,0
662238738,46.94111251831055,5.799418926239014,2731.751220703125,0.8292655348777771,0.7458184361457825,0
663255411,47.044246673583984,4.441771984100342,2732.716796875,0.8292052149772644,0.7471039891242981,0
664257473,47.08724594116211,4.009361743927002,2733.74267578125,0.8291410803794861,0.7478565573692322,0
665265303,47.156333923339844,3.2143967151641846,2734.449951171875,0.8290969133377075,0.7490336894989014,0
666279937,47.163429260253906,3.1964075565338135,2735.324951171875,0.8290421962738037,0.7485438585281372,0
667283687,47.11614990234375,4.240363121032715,2736.66064453125,0.8289586901664734,0.7492742538452148,0
668285483,46.35658264160156,15.804000854492188,2743.580322265625,0.8285262584686279,0.7424090504646301,0
669292952,46.26506805419922,16.690433502197266,2748.278564453125,0.8282325863838196,0.7393955588340759,0
670305071,46.11969757080078,18.651559829711914,2753.96923828125,0.8278769254684448,0.7378510236740112,0
671307529,46.057762145996094,19.10681915283203,2759.3779296875,0.8275388479232788,0.7355488538742065,0
672326750,45.83162307739258,21.897504806518555,2766.020263671875,0.827123761177063,0.7307463884353638,0
673339085,46.163421630859375,16.47054672241211,2769.8134765625,0.8268866539001465,0.7329175472259521,0
674353618,46.2255859375,15.363748550415039,2773.921875,0.8266298770904541,0.733081579208374,0
675356400,46.43653106689453,12.085660934448242,2776.63134765625,0.8264605402946472,0.7348670959472656,0
676372712,46.46354675292969,11.884366989135742,2779.91748046875,0.8262551426887512,0.7364052534103394,0
677375408,45.89042663574219,20.724557876586914,2787.394775390625,0.8257878422737122,0.7323270440101624,0
678378284,46.1959114074707,15.218433380126953,2790.861328125,0.8255711793899536,0.7306535243988037,0
679389101,46.56232452392578,9.378009796142578,2792.252685546875,0.8254842162132263,0.7321526408195496,0
680405104,46.589927673339844,8.987664222717285,2794.55908203125,0.8253400325775146,0.7318022847175598,0
681407536,46.50344467163086,10.140880584716797,2797.64306640625,0.825147271156311,0.7293040156364441,0
682407961,46.4854850769043,10.171242713928223,2800.466796875,0.8249708414077759,0.7270758152008057,0
683422543,46.41438674926758,11.305756568908691,2803.83837890625,0.8247600793838501,0.7264325022697449,0
684441850,46.0150260925293,16.98338508605957,2809.47705078125,0.824407696723938,0.7200925350189209,0
685452711,46.01406478881836,16.34977149963379,2814.367431640625,0.8241020441055298,0.7168030142784119,0
686472232,46.171783447265625,13.270977973937988,2817.47607421875,0.823907732963562,0.7141367793083191,0
687494263,46.24018096923828,12.303967475891113,2820.77001953125,0.8237018585205078,0.7152445316314697,0
688507064,45.29706573486328,25.316884994506836,2830.58447265625,0.8230884671211243,0.6984198689460754,0
689521749,44.10007858276367,41.415340423583984,2844.91796875,0.8221926093101501,0.6760624647140503,0
690537168,43.21283721923828,52.25101089477539,2861.91796875,0.8211301565170288,0.6555978059768677,0
691547925,43.058902740478516,53.06657409667969,2877.474365234375,0.8201578855514526,0.6505216956138611,0
692559133,42.989776611328125,52.61032485961914,2892.286865234375,0.8192321062088013,0.6456553339958191,0
693578821,43.098873138427734,49.89775085449219,2905.9248046875,0.8183797001838684,0.6447470784187317,0
694593861,43.31505584716797,46.095977783203125,2918.164794921875,0.8176146745681763,0.6474601030349731,0
695612573,43.630889892578125,41.07574462890625,2929.18408203125,0.8169260025024414,0.6522122621536255,0
696635321,43.65912628173828,40.56401443481445,2940.2841796875,0.8162322044372559,0.6539216637611389,0
697646793,43.313720703125,44.87895584106445,2953.803466796875,0.8153872489929199,0.6467223763465881,0
698666154,43.22365188598633,45.46479034423828,2966.7548828125,0.8145778179168701,0.6432566046714783,0
699674265,43.257450103759766,44.60948944091797,2979.120849609375,0.8138049840927124,0.6436575651168823,0
700690568,43.241947174072266,44.36630630493164,2991.531005859375,0.8130292892456055,0.6423775553703308,0
701709364,43.20917510986328,44.52945327758789,3004.21142578125,0.8122367858886719,0.6417361497879028,0
702712189,43.18955612182617,44.41654968261719,3016.510498046875,0.8114681243896484,0.6405226588249207,0
703717896,43.17591857910156,44.44673156738281,3028.966064453125,0.8106896281242371,0.6407904028892517,0
704735565,43.1322135925293,44.65670394897461,3041.67236328125,0.8098954558372498,0.6388210654258728,0
705753495,43.07350540161133,44.99055862426758,3054.40478515625,0.8090996742248535,0.6359629034996033,0
706761279,42.974822998046875,45.87031173706055,3067.4306640625,0.8082855939865112,0.6322623491287231,0
707763875,42.87876892089844,46.86955642700195,3080.611572265625,0.8074617981910706,0.6296917796134949,0
708782848,42.8378791809082,47.20021057128906,3094.115478515625,0.806617796421051,0.6288585662841797,0
709798627,42.806968688964844,47.1317138671875,3107.31396484375,0.8057928681373596,0.6263239979743958,0
710806404,42.82982635498047,46.478370666503906,3120.24560546875,0.8049846291542053,0.6257092952728271,0
711817129,42.84983825683594,45.595985412597656,3132.899169921875,0.8041937947273254,0.6230261921882629,0
712832510,42.78192901611328,46.23801040649414,3145.953125,0.8033779263496399,0.6205918192863464,0
713843058,42.71831130981445,46.65627670288086,3159.196044921875,0.8025502562522888,0.6172428131103516,0
714854776,42.722259521484375,46.57341384887695,3172.267578125,0.8017332553863525,0.6179819107055664,0
715878726,42.74629592895508,45.805816650390625,3185.083251953125,0.8009322881698608,0.6162091493606567,0
716884060,42.7008171081543,46.04471206665039,3198.063720703125,0.800121009349823,0.6133522391319275,0
717884954,42.69706344604492,45.99008560180664,3210.822265625,0.7993236184120178,0.61313796043396,0
718898403,42.704185485839844,45.854522705078125,3223.680908203125,0.7985199689865112,0.6135345101356506,0
719899095,42.72874069213867,45.25178909301758,3236.148681640625,0.7977406978607178,0.612654447555542,0
720913834,42.73222732543945,45.137054443359375,3248.800537109375,0.7969499826431274,0.6125774383544922,0
721916757,42.6375732421875,46.22228240966797,3262.07666015625,0.7961202263832092,0.6097164154052734,0
722936599,42.61103439331055,46.414520263671875,3275.115966796875,0.7953052520751953,0.6084737777709961,0
723938918,42.501564025878906,47.5399055480957,3288.689208984375,0.794456958770752,0.6043466925621033,0
724949835,42.1072883605957,52.891990661621094,3304.6142578125,0.7934616208076477,0.5973256230354309,0
725965131,42.18293380737305,51.10447692871094,3318.796142578125,0.7925752401351929,0.5952164530754089,0
726987223,42.33955001831055,48.793304443359375,3332.16943359375,0.7917394042015076,0.5979971289634705,0
727993042,42.4144172668457,47.70518493652344,3345.35009765625,0.7909156084060669,0.599501371383667,0
729016197,42.42744064331055,47.22905349731445,3358.502197265625,0.7900936007499695,0.5980336666107178,0
730022925,42.51399612426758,45.810707092285156,3371.097900390625,0.7893064022064209,0.5982738137245178,0
731025919,42.50399398803711,45.852073669433594,3383.7998046875,0.7885125279426575,0.5973719358444214,0
732045550,42.47726821899414,45.825218200683594,3396.871337890625,0.7876955270767212,0.5942151546478271,0
733052398,42.56666564941406,44.56319046020508,3409.051025390625,0.7869343161582947,0.5955181121826172,0
734067913,42.422576904296875,46.63536834716797,3422.57763671875,0.7860888838768005,0.5932802557945251,0
735074293,42.39399337768555,46.881587982177734,3435.78857421875,0.785263180732727,0.5918899178504944,0
736094233,42.38076400756836,46.956634521484375,3448.9677734375,0.7844395041465759,0.5910678505897522,0
737100730,42.3074836730957,47.74651336669922,3462.5146484375,0.7835928201675415,0.5884124040603638,0
738107776,42.319461822509766,47.28936004638672,3475.7275390625,0.7827670574188232,0.5869483947753906,0
739126995,42.36119079589844,46.31509780883789,3488.560791015625,0.7819649577140808,0.585188627243042,0
740130414,42.38163757324219,46.01274108886719,3501.41259765625,0.7811617255210876,0.5854034423828125,0
741137181,42.35441207885742,46.34272384643555,3514.400146484375,0.7803499698638916,0.5845944285392761,0
742157045,42.301753997802734,46.955345153808594,3527.826904296875,0.7795108556747437,0.5828662514686584,0
743183481,42.24171829223633,47.76447296142578,3541.6123046875,0.7786492109298706,0.5818114876747131,0
744205127,42.21613311767578,48.1397705078125,3555.369140625,0.7777894139289856,0.5817496180534363,0
745222521,42.21055221557617,47.83070373535156,3568.954345703125,0.7769403457641602,0.5793530941009521,0
746234976,42.27509307861328,46.5649299621582,3581.78466796875,0.776138424873352,0.5781739354133606,0
747253736,42.37311553955078,45.11525344848633,3594.2392578125,0.7753600478172302,0.579279363155365,0
748256353,42.79774856567383,38.758522033691406,3603.909423828125,0.7747556567192078,0.5832234621047974,0
749259472,43.845848083496094,23.090091705322266,3607.65283203125,0.7745217084884644,0.5927014946937561,0
750270273,44.65013885498047,12.576577186584473,3608.956298828125,0.7744402289390564,0.6069265007972717,0
751289512,45.0651969909668,8.04626750946045,3610.28662109375,0.7743570804595947,0.6168724894523621,0
752308377,45.26566696166992,6.136528491973877,3611.60595703125,0.7742746472358704,0.620458722114563,0
